Workbook

Sheet Instructions
A1: Influencer Content Calendar & Growth Tracker – Google Sheets for Micro‑Influencers (12‑Month Planner)
A3: 1. Open the Google Sheet and start with the “How‑to‑Use” tab for a full walkthrough.
A4: 2. In the Calendar tab, fill in each row with the date, platform, post type, caption, media URL, and set the Status to “Draft”.
A5: 3. When the post is ready, change Status to “Scheduled”. The “Ready?” column will flag posts that are due today or earlier.
A6: 4. After publishing, go to the Engagement Tracker tab and record Reach, Likes, Comments, Shares, and Saves. The sheet will auto‑calculate total interactions and engagement rate.
A7: 5. At month‑end, review the Overview and Forecast tabs to see your performance trends and projected growth for the next month.
A9: Works in Microsoft Excel, Google Sheets (File > Import) and Apple Numbers.
A11: Blue header rows stay visible while you scroll. Totals sit under each table.
A12: This template helps you organise your own numbers. It is not financial, tax or legal advice.

Sheet Dashboard
A1: Summary | B1: Value
A2: Calendar: Overdue rows | B2: ='Calendar'!B7
A3: Engagement Tracker: Reach | B3: ='Engagement Tracker'!C6
A4: Engagement Tracker: Likes | B4: ='Engagement Tracker'!D6
A5: Engagement Tracker: Comments | B5: ='Engagement Tracker'!E6
A6: Engagement Tracker: Shares | B6: ='Engagement Tracker'!F6
A7: Engagement Tracker: Saved | B7: ='Engagement Tracker'!G6
A8: Engagement Tracker: Total Interactions | B8: ='Engagement Tracker'!H6
A9: Engagement Tracker: Engagement Rate | B9: ='Engagement Tracker'!I6
A10: Forecast: Avg Monthly Growth % | B10: ='Forecast'!B6
A11: Forecast: Prev Month Reach | B11: ='Forecast'!C6
A12: Forecast: Forecasted Reach | B12: ='Forecast'!D6
A13: Forecast: Forecasted Likes | B13: ='Forecast'!E6
A14: Forecast: Forecasted Comments | B14: ='Forecast'!F6
A15: Overview: Total Posts | B15: ='Overview'!B6
A16: Overview: Avg Engagement Rate | B16: ='Overview'!C6
A17: Overview: Forecasted Reach | B17: ='Overview'!D6
A18: Overview: Forecasted Followers | B18: ='Overview'!E6

Sheet Calendar
A1: Date | B1: Time | C1: Platform | D1: Post Type | E1: Caption | F1: Media URL | G1: Scheduled Time | H1: Status | I1: Notes | J1: Overdue?
A2: 46270 | B2: 09:00 | C2: Instagram | D2: Image | E2: Sunset vibes 🌅 | F2: https://example.com/img1.jpg | G2: 09:30 | H2: Draft | J2: =IF(AND(ISNUMBER(A2),H2<>"Published",A2<TODAY()),"OVERDUE","")
A3: 46272 | B3: 14:00 | C3: TikTok | D3: Reel | E3: Quick recipe tutorial | F3: https://example.com/vid1.mp4 | G3: 14:15 | H3: Scheduled | J3: =IF(AND(ISNUMBER(A3),H3<>"Published",A3<TODAY()),"OVERDUE","")
A4: 46275 | B4: 18:00 | C4: YouTube | D4: Video | E4: Monthly Q&A | F4: https://example.com/yt1.mp4 | G4: 18:30 | H4: Published | I4: Got 2k views | J4: =IF(AND(ISNUMBER(A4),H4<>"Published",A4<TODAY()),"OVERDUE","")
A6: TOTAL
A7: Overdue rows | B7: =COUNTIF(J2:J4,"OVERDUE")

Sheet Engagement Tracker
A1: Date | B1: Platform | C1: Reach | D1: Likes | E1: Comments | F1: Shares | G1: Saved | H1: Total Interactions | I1: Engagement Rate
A2: 46270 | B2: Instagram | C2: 1200 | D2: 150 | E2: 20 | F2: 5 | G2: 10 | H2: 185 | I2: 0.1542
A3: 46272 | B3: TikTok | C3: 2500 | D3: 300 | E3: 45 | F3: 30 | G3: 0 | H3: 375 | I3: 0.15
A4: 46275 | B4: YouTube | C4: 4000 | D4: 500 | E4: 60 | F4: 20 | G4: 0 | H4: 580 | I4: 0.145
A6: TOTAL | C6: =SUM(C2:C4) | D6: =SUM(D2:D4) | E6: =SUM(E2:E4) | F6: =SUM(F2:F4) | G6: =SUM(G2:G4) | H6: =SUM(H2:H4) | I6: =SUM(I2:I4)

Sheet Forecast
A1: Month | B1: Avg Monthly Growth % | C1: Prev Month Reach | D1: Forecasted Reach | E1: Forecasted Likes | F1: Forecasted Comments
A2: 46235 | B2: 0.1 | C2: 3500 | D2: 3850 | E2: 425 | F2: 38
A3: 46266 | B3: 0.08 | C3: 3850 | D3: 4158 | E3: 460 | F3: 42
A4: 46296 | B4: 0.07 | C4: 4158 | D4: 4449 | E4: 492 | F4: 45
A6: TOTAL | B6: =SUM(B2:B4) | C6: =SUM(C2:C4) | D6: =SUM(D2:D4) | E6: =SUM(E2:E4) | F6: =SUM(F2:F4)

Sheet Overview
A1: Month | B1: Total Posts | C1: Avg Engagement Rate | D1: Forecasted Reach | E1: Forecasted Followers
A2: 46235 | B2: 12 | C2: 0.152 | D2: 3850 | E2: 800
A3: 46266 | B3: 15 | C3: 0.148 | D3: 4158 | E3: 860
A4: 46296 | B4: 14 | C4: 0.15 | D4: 4449 | E4: 920
A6: TOTAL | B6: =SUM(B2:B4) | C6: =SUM(C2:C4) | D6: =SUM(D2:D4) | E6: =SUM(E2:E4)
